keyword	labels	branded_flag	added_to_campaign	engine	location	monthly_volume	rank	change_vs_prev	ranking_url
form 5472 etsy sellers	blog-audience	non-branded	2026-10-05	Google en-US	National	NA	#1	--	/blog/form-5472-etsy-print-on-demand-sellers
form 5472 fax filing service	services	non-branded	2026-10-05	Google en-US	National	NA	#1	--	/services/late-form-5472-filing-service
form 5472 penalty calculator	tools	non-branded	2026-10-05	Google en-US	National	NA	#1	--	/services/late-form-5472-filing-service
form 5472 preparation service	services	non-branded	2026-10-05	Google en-US	National	11-50	#1	--	/services/late-form-5472-filing-service
form 5472 preparer	services	non-branded	2026-10-05	Google en-US	National	NA	#1	--	/services/pro-forma-1120-filing-service
form 5472 stripe paypal wise	blog-5472	non-branded	2026-10-05	Google en-US	National	NA	#1	--	/blog/stripe-paypal-wise-form-5472
form5472prep	branded	non-branded	2026-10-05	Google en-US	National	NA	#1	--	/services/late-form-5472-filing-service
pro forma 1120 filing service	services	non-branded	2026-10-05	Google en-US	National	NA	#1	--	/services
diy form 5472	blog-5472	non-branded	2026-10-05	Google en-US	National	NA	#2	--	/blog/form-5472-hungary-residents-us-llc
form 5472 coaches and consultants	blog-audience	non-branded	2026-10-05	Google en-US	National	NA	#2	--	/blog/form-5472-argentina-residents-us-llc
form 5472 exchange rates	blog-5472	non-branded	2026-10-05	Google en-US	National	NA	#2	--	/blog/form-5472-small-corporation-reasonable-cause
form 5472 part v statement	blog-5472	non-branded	2026-10-05	Google en-US	National	NA	#2	--	/blog/form-5472-small-corporation-reasonable-cause
1120 and 5472 filing service	services	non-branded	2026-10-05	Google en-US	National	NA	#3	--	/services/form-5472-filing-service
form 5472 filing cost	blog-5472	non-branded	2026-10-05	Google en-US	National	NA	#3	--	/services/foreign-owned-llc-tax-filing-service
form 5472 digital nomads	blog-audience	non-branded	2026-10-05	Google en-US	National	NA	#4	--	/blog/dubai-digital-nomad-us-llc-corporate-tax-review-pack
form 5472 ein pending	blog-5472	non-branded	2026-10-05	Google en-US	National	NA	#4	--	/blog/form-5472-ein-pending-deadline
form 5472 filing service	services	non-branded	2026-10-05	Google en-US	National	0-10	#4	--	/services/form-5472-filing-service
final form 5472 for dissolved llc	services	non-branded	2026-10-05	Google en-US	National	NA	#6	--	/faq
form 5472 thailand residents	blog-audience	non-branded	2026-10-05	Google en-US	National	NA	#7	--	/blog/form-5472-thailand-residents-us-llc
never filed form 5472	blog-5472	non-branded	2026-10-05	Google en-US	National	NA	#7	--	/form-5472-late-filing-checker
form 5472 1099-k	blog-5472	non-branded	2026-10-05	Google en-US	National	NA	#8	--	/blog/form-5472-1099-k-foreign-owned-llc
form 5472 formation costs	blog-5472	non-branded	2026-10-05	Google en-US	National	NA	#9	--	/blog/form-5472-formation-costs-registered-agent-fees
form 5472 noncash property	blog-5472	non-branded	2026-10-05	Google en-US	National	NA	#10	--	/blog/form-5472-noncash-property-transfers
llc paying personal expenses form 5472	blog-5472	non-branded	2026-10-05	Google en-US	National	NA	#10	--	/blog/chiang-mai-digital-nomad-llc-coworking-owner-paid-costs
form 5472 brazil residents	blog-audience	non-branded	2026-10-05	Google en-US	National	NA	#11	--	/blog/form-5472-brazil-residents-us-llc
form 5472 japan residents	blog-audience	non-branded	2026-10-05	Google en-US	National	NA	#11	--	/blog/form-5472-japan-residents-us-llc
late form 5472	guides	non-branded	2026-10-05	Google en-US	National	NA	#11	--	/form-5472-late-filing-checker
late form 5472 filing service	services	non-branded	2026-10-05	Google en-US	National	NA	#11	--	/services/late-form-5472-filing-service
1120 pro forma instructions	guides	non-branded	2026-10-05	Google en-US	National	NA	#13	--	/services/pro-forma-1120-filing-service
form 5472 partner program	blog-audience	non-branded	2026-10-05	Google en-US	National	NA	#13	--	/blog/form-5472-partner-program-registered-agents
form 5472 new zealand residents	blog-audience	non-branded	2026-10-05	Google en-US	National	NA	#15	--	/blog/form-5472-new-zealand-residents-us-llc
form 5472 no us bank account	blog-5472	non-branded	2026-10-05	Google en-US	National	NA	#15	--	/blog/form-5472-no-us-bank-account
form 5472 owner loans	blog-5472	non-branded	2026-10-05	Google en-US	National	NA	#15	--	/blog/form-5472-outstanding-owner-loan-no-transfers
form 1120 foreign owned llc	guides	non-branded	2026-10-05	Google en-US	National	NA	#16	--	/services/foreign-owned-llc-tax-filing-service
form 5472 prep	branded	non-branded	2026-10-05	Google en-US	National	NA	#16	--	/about
form 5472 reasonable cause statement	guides	non-branded	2026-10-05	Google en-US	National	11-50	#16	--	/blog/form-5472-small-corporation-reasonable-cause
how to fax form 5472	blog-5472	non-branded	2026-10-05	Google en-US	National	NA	#16	--	/services/form-5472-fax-filing-service
form 5472 german llc owner	guides	non-branded	2026-10-05	Google en-US	National	NA	#17	--	/blog/form-5472-germany-residents-us-llc
form 5472 fax number	guides	non-branded	2026-10-05	Google en-US	National	0-10	#18	--	/services/form-5472-fax-filing-service
form 5472 foreign owner rental property llc	blog-audience	non-branded	2026-10-05	Google en-US	National	NA	#18	--	/blog/form-5472-us-real-estate-foreign-investor
administratively dissolved llc form 5472	blog-5472	non-branded	2026-10-05	Google en-US	National	NA	#51+	--	-
airbnb us llc non resident taxes	blog-audience	non-branded	2026-10-05	Google en-US	National	NA	#51+	--	-
apply for itin without passport	blog-ein-itin	non-branded	2026-10-05	Google en-US	National	0-10	#51+	--	-
boi report foreign owned llc	blog-ein-itin	non-branded	2026-10-05	Google en-US	National	NA	#51+	--	-
california llc foreign owner filing checklist	blog-audience	non-branded	2026-10-05	Google en-US	National	NA	#51+	--	-
can form 5472 be e-filed	head-terms	non-branded	2026-10-05	Google en-US	National	NA	#51+	--	-
certificate of good standing foreign owned llc	blog-ein-itin	non-branded	2026-10-05	Google en-US	National	NA	#51+	--	-
clemta form 5472	guides	non-branded	2026-10-05	Google en-US	National	NA	#51+	--	-
compare form 5472 filing services	alternatives	non-branded	2026-10-05	Google en-US	National	NA	#51+	--	-
delaware llc form 5472	guides	non-branded	2026-10-05	Google en-US	National	NA	#51+	--	-
did the irs receive my form 5472	blog-5472	non-branded	2026-10-05	Google en-US	National	NA	#51+	--	-
diirsp	guides	non-branded	2026-10-05	Google en-US	National	0-10	#51+	--	-
do i need an itin for form 5472	blog-ein-itin	non-branded	2026-10-05	Google en-US	National	11-50	#51+	--	-
do i need to file form 5472	tools	non-branded	2026-10-05	Google en-US	National	NA	#51+	--	-
do non residents pay tax on us llc	head-terms	non-branded	2026-10-05	Google en-US	National	NA	#51+	--	-
does a foreign owned llc need an fbar	blog-ein-itin	non-branded	2026-10-05	Google en-US	National	NA	#51+	--	-
does a foreign owned llc pay us tax	blog-ein-itin	non-branded	2026-10-05	Google en-US	National	NA	#51+	--	-
doola form 5472	alternatives	non-branded	2026-10-05	Google en-US	National	NA	#51+	--	-
ein for stripe account	blog-ein-itin	non-branded	2026-10-05	Google en-US	National	NA	#51+	--	-
ein reference number 101	blog-ein-itin	non-branded	2026-10-05	Google en-US	National	201-500	#51+	--	-
ein responsible party foreign owner	blog-ein-itin	non-branded	2026-10-05	Google en-US	National	NA	#51+	--	-
file extension without itin	blog-ein-itin	non-branded	2026-10-05	Google en-US	National	NA	#51+	--	-
file form 5472 online	head-terms	non-branded	2026-10-05	Google en-US	National	0-10	#51+	--	-
file form 5472 without being a cpa	blog-audience	non-branded	2026-10-05	Google en-US	National	NA	#51+	--	-
first year form 5472	blog-5472	non-branded	2026-10-05	Google en-US	National	NA	#51+	--	-
firstbase form 5472	alternatives	non-branded	2026-10-05	Google en-US	National	NA	#51+	--	-
florida llc foreign owner filing checklist	blog-audience	non-branded	2026-10-05	Google en-US	National	NA	#51+	--	-
foreign owned disregarded entity	head-terms	non-branded	2026-10-05	Google en-US	National	11-50	#51+	--	-
foreign owned llc compliance calendar	blog-ein-itin	non-branded	2026-10-05	Google en-US	National	NA	#51+	--	-
foreign owned llc filing checklist	blog-5472	non-branded	2026-10-05	Google en-US	National	NA	#51+	--	-
foreign owned llc irs penalty	head-terms	non-branded	2026-10-05	Google en-US	National	NA	#51+	--	-
foreign owned llc tax filing	guides	non-branded	2026-10-05	Google en-US	National	NA	#51+	--	-
foreign owned llc tax filing service	services	non-branded	2026-10-05	Google en-US	National	NA	#51+	--	-
foreign owned llc tax return	guides	non-branded	2026-10-05	Google en-US	National	NA	#51+	--	-
foreign owned single member llc tax	head-terms	non-branded	2026-10-05	Google en-US	National	0-10	#51+	--	-
form 1042-s withholding refund	blog-ein-itin	non-branded	2026-10-05	Google en-US	National	NA	#51+	--	-
form 1120 disregarded entity	guides	non-branded	2026-10-05	Google en-US	National	NA	#51+	--	-
form 5472	guides	non-branded	2026-10-05	Google en-US	National	1.7k-2.9k	#51+	--	-
form 5472 25 percent foreign owned	head-terms	non-branded	2026-10-05	Google en-US	National	NA	#51+	--	-
form 5472 25000 penalty	guides	non-branded	2026-10-05	Google en-US	National	NA	#51+	--	-
form 5472 address	blog-5472	non-branded	2026-10-05	Google en-US	National	NA	#51+	--	-
form 5472 affiliate marketers	blog-audience	non-branded	2026-10-05	Google en-US	National	NA	#51+	--	-
form 5472 amazon fba foreign sellers	blog-audience	non-branded	2026-10-05	Google en-US	National	NA	#51+	--	-
form 5472 app developers	blog-audience	non-branded	2026-10-05	Google en-US	National	NA	#51+	--	-
form 5472 argentina residents	blog-audience	non-branded	2026-10-05	Google en-US	National	NA	#51+	--	-
form 5472 australia residents	blog-audience	non-branded	2026-10-05	Google en-US	National	NA	#51+	--	-
form 5472 canada residents	blog-audience	non-branded	2026-10-05	Google en-US	National	NA	#51+	--	-
form 5472 capital contribution	head-terms	non-branded	2026-10-05	Google en-US	National	NA	#51+	--	-
form 5472 change of ownership	blog-5472	non-branded	2026-10-05	Google en-US	National	NA	#51+	--	-
form 5472 china residents	blog-audience	non-branded	2026-10-05	Google en-US	National	NA	#51+	--	-
form 5472 colombia residents	blog-audience	non-branded	2026-10-05	Google en-US	National	NA	#51+	--	-
form 5472 crypto transfers	blog-audience	non-branded	2026-10-05	Google en-US	National	NA	#51+	--	-
form 5472 deadline	guides	non-branded	2026-10-05	Google en-US	National	0-10	#51+	--	-
form 5472 deadline calculator	tools	non-branded	2026-10-05	Google en-US	National	NA	#51+	--	-
form 5472 distributions to owner	head-terms	non-branded	2026-10-05	Google en-US	National	NA	#51+	--	-
form 5472 due date	head-terms	non-branded	2026-10-05	Google en-US	National	11-50	#51+	--	-
form 5472 estonia residents	blog-audience	non-branded	2026-10-05	Google en-US	National	NA	#51+	--	-
form 5472 example	head-terms	non-branded	2026-10-05	Google en-US	National	11-50	#51+	--	-
form 5472 expert	head-terms	non-branded	2026-10-05	Google en-US	National	NA	#51+	--	-
form 5472 extension	blog-5472	non-branded	2026-10-05	Google en-US	National	0-10	#51+	--	-
form 5472 filing	guides	non-branded	2026-10-05	Google en-US	National	0-10	#51+	--	-
form 5472 filing fee	head-terms	non-branded	2026-10-05	Google en-US	National	NA	#51+	--	-
form 5472 filing for dormant llc	services	non-branded	2026-10-05	Google en-US	National	NA	#51+	--	-
form 5472 first time abatement	head-terms	non-branded	2026-10-05	Google en-US	National	NA	#51+	--	-
form 5472 for accountants	services	non-branded	2026-10-05	Google en-US	National	NA	#51+	--	-
form 5472 for bookkeepers	services	non-branded	2026-10-05	Google en-US	National	NA	#51+	--	-
form 5472 for cpas	services	non-branded	2026-10-05	Google en-US	National	NA	#51+	--	-
form 5472 for non residents	guides	non-branded	2026-10-05	Google en-US	National	NA	#51+	--	-
form 5472 foreign company owns us llc	blog-5472	non-branded	2026-10-05	Google en-US	National	NA	#51+	--	-
form 5472 france residents	blog-audience	non-branded	2026-10-05	Google en-US	National	NA	#51+	--	-
form 5472 freelancers upwork fiverr	blog-audience	non-branded	2026-10-05	Google en-US	National	NA	#51+	--	-
form 5472 ftin	blog-5472	non-branded	2026-10-05	Google en-US	National	NA	#51+	--	-
form 5472 germany residents	blog-audience	non-branded	2026-10-05	Google en-US	National	NA	#51+	--	-
form 5472 help	head-terms	non-branded	2026-10-05	Google en-US	National	NA	#51+	--	-
form 5472 hong kong residents	blog-audience	non-branded	2026-10-05	Google en-US	National	NA	#51+	--	-
form 5472 india residents	blog-audience	non-branded	2026-10-05	Google en-US	National	NA	#51+	--	-
form 5472 indonesia residents	blog-audience	non-branded	2026-10-05	Google en-US	National	NA	#51+	--	-
form 5472 instructions	guides	non-branded	2026-10-05	Google en-US	National	501-850	#51+	--	-
form 5472 italy residents	blog-audience	non-branded	2026-10-05	Google en-US	National	NA	#51+	--	-
form 5472 kdp authors	blog-audience	non-branded	2026-10-05	Google en-US	National	NA	#51+	--	-
form 5472 line 1c	blog-5472	non-branded	2026-10-05	Google en-US	National	NA	#51+	--	-
form 5472 line 1f	blog-5472	non-branded	2026-10-05	Google en-US	National	NA	#51+	--	-
form 5472 mailing address	head-terms	non-branded	2026-10-05	Google en-US	National	0-10	#51+	--	-
form 5472 management fees	blog-5472	non-branded	2026-10-05	Google en-US	National	NA	#51+	--	-
form 5472 mexico residents	blog-audience	non-branded	2026-10-05	Google en-US	National	NA	#51+	--	-
form 5472 multiple llcs	blog-5472	non-branded	2026-10-05	Google en-US	National	NA	#51+	--	-
form 5472 netherlands residents	blog-audience	non-branded	2026-10-05	Google en-US	National	NA	#51+	--	-
form 5472 nigeria residents	blog-audience	non-branded	2026-10-05	Google en-US	National	NA	#51+	--	-
form 5472 no transactions	head-terms	non-branded	2026-10-05	Google en-US	National	NA	#51+	--	-
form 5472 nonresident spouse joint return	blog-5472	non-branded	2026-10-05	Google en-US	National	NA	#51+	--	-
form 5472 owner becomes us tax resident	blog-5472	non-branded	2026-10-05	Google en-US	National	NA	#51+	--	-
form 5472 pakistan residents	blog-audience	non-branded	2026-10-05	Google en-US	National	NA	#51+	--	-
form 5472 part ii	head-terms	non-branded	2026-10-05	Google en-US	National	NA	#51+	--	-
form 5472 part iv	head-terms	non-branded	2026-10-05	Google en-US	National	0-10	#51+	--	-
form 5472 penalty	guides	non-branded	2026-10-05	Google en-US	National	0-10	#51+	--	-
form 5472 penalty abatement	head-terms	non-branded	2026-10-05	Google en-US	National	51-100	#51+	--	-
form 5472 penalty appeal	head-terms	non-branded	2026-10-05	Google en-US	National	NA	#51+	--	-
form 5472 penalty for late filing	head-terms	non-branded	2026-10-05	Google en-US	National	NA	#51+	--	-
form 5472 penalty letter	blog-5472	non-branded	2026-10-05	Google en-US	National	NA	#51+	--	-
form 5472 penalty notice	blog-5472	non-branded	2026-10-05	Google en-US	National	NA	#51+	--	-
form 5472 penalty relief	head-terms	non-branded	2026-10-05	Google en-US	National	NA	#51+	--	-
form 5472 penalty waiver	head-terms	non-branded	2026-10-05	Google en-US	National	NA	#51+	--	-
form 5472 philippines residents	blog-audience	non-branded	2026-10-05	Google en-US	National	NA	#51+	--	-
form 5472 portugal residents	blog-audience	non-branded	2026-10-05	Google en-US	National	NA	#51+	--	-
form 5472 reasonable estimates	blog-5472	non-branded	2026-10-05	Google en-US	National	NA	#51+	--	-
form 5472 recordkeeping checklist	blog-5472	non-branded	2026-10-05	Google en-US	National	NA	#51+	--	-
form 5472 related party	head-terms	non-branded	2026-10-05	Google en-US	National	11-50	#51+	--	-
form 5472 reportable transactions	tools	non-branded	2026-10-05	Google en-US	National	11-50	#51+	--	-
form 5472 reporting corporation	head-terms	non-branded	2026-10-05	Google en-US	National	NA	#51+	--	-
form 5472 requirements	head-terms	non-branded	2026-10-05	Google en-US	National	11-50	#51+	--	-
form 5472 royalties	blog-5472	non-branded	2026-10-05	Google en-US	National	NA	#51+	--	-
form 5472 saas founders	blog-audience	non-branded	2026-10-05	Google en-US	National	NA	#51+	--	-
form 5472 short tax year	blog-5472	non-branded	2026-10-05	Google en-US	National	NA	#51+	--	-
form 5472 singapore residents	blog-audience	non-branded	2026-10-05	Google en-US	National	NA	#51+	--	-
form 5472 software	head-terms	non-branded	2026-10-05	Google en-US	National	NA	#51+	--	-
form 5472 south korea residents	blog-audience	non-branded	2026-10-05	Google en-US	National	NA	#51+	--	-
form 5472 spain residents	blog-audience	non-branded	2026-10-05	Google en-US	National	NA	#51+	--	-
form 5472 statistics	tools	non-branded	2026-10-05	Google en-US	National	NA	#51+	--	-
form 5472 statute of limitations	blog-5472	non-branded	2026-10-05	Google en-US	National	NA	#51+	--	-
form 5472 switzerland residents	blog-audience	non-branded	2026-10-05	Google en-US	National	NA	#51+	--	-
form 5472 tax year 2025	head-terms	non-branded	2026-10-05	Google en-US	National	NA	#51+	--	-
form 5472 threshold	head-terms	non-branded	2026-10-05	Google en-US	National	NA	#51+	--	-
form 5472 turkey residents	blog-audience	non-branded	2026-10-05	Google en-US	National	NA	#51+	--	-
form 5472 uae resident us llc	guides	non-branded	2026-10-05	Google en-US	National	NA	#51+	--	-
form 5472 uae residents	blog-audience	non-branded	2026-10-05	Google en-US	National	NA	#51+	--	-
form 5472 uk residents	blog-audience	non-branded	2026-10-05	Google en-US	National	NA	#51+	--	-
form 5472 vietnam residents	blog-audience	non-branded	2026-10-05	Google en-US	National	NA	#51+	--	-
form 5472 vs 1040-nr	blog-5472	non-branded	2026-10-05	Google en-US	National	NA	#51+	--	-
form 5472 vs 1120	guides	non-branded	2026-10-05	Google en-US	National	NA	#51+	--	-
form 5472 vs 1120-f	blog-5472	non-branded	2026-10-05	Google en-US	National	NA	#51+	--	-
form 5472 vs fbar	blog-5472	non-branded	2026-10-05	Google en-US	National	NA	#51+	--	-
form 5472 vs form 5471	blog-5472	non-branded	2026-10-05	Google en-US	National	NA	#51+	--	-
form 5472 youtube creators	blog-audience	non-branded	2026-10-05	Google en-US	National	NA	#51+	--	-
form 7004 extension form 5472	head-terms	non-branded	2026-10-05	Google en-US	National	NA	#51+	--	-
form 8822-b ein address change	blog-ein-itin	non-branded	2026-10-05	Google en-US	National	NA	#51+	--	-
form 8832 election foreign owned llc	blog-ein-itin	non-branded	2026-10-05	Google en-US	National	NA	#51+	--	-
form5472 prep	Branded|branded	branded	2026-10-05	Google en-US	National	NA	#51+	--	-
get an ein for foreign owned llc	blog-ein-itin	non-branded	2026-10-05	Google en-US	National	NA	#51+	--	-
get an ein without ssn or itin	blog-ein-itin	non-branded	2026-10-05	Google en-US	National	NA	#51+	--	-
hire someone to file form 5472	services	non-branded	2026-10-05	Google en-US	National	NA	#51+	--	-
how long does an ein take for foreigners	blog-ein-itin	non-branded	2026-10-05	Google en-US	National	NA	#51+	--	-
how long does an itin take	blog-ein-itin	non-branded	2026-10-05	Google en-US	National	0-10	#51+	--	-
how much does an ein cost	blog-ein-itin	non-branded	2026-10-05	Google en-US	National	201-500	#51+	--	-
how much does an itin cost	blog-ein-itin	non-branded	2026-10-05	Google en-US	National	11-50	#51+	--	-
how to correct a filed form 5472	blog-5472	non-branded	2026-10-05	Google en-US	National	NA	#51+	--	-
how to file form 5472	guides	non-branded	2026-10-05	Google en-US	National	11-50	#51+	--	-
how to fill out form 5472	blog-5472	non-branded	2026-10-05	Google en-US	National	0-10	#51+	--	-
how to fill out form ss-4 foreign owner	blog-ein-itin	non-branded	2026-10-05	Google en-US	National	NA	#51+	--	-
how to fill out form w-7	blog-ein-itin	non-branded	2026-10-05	Google en-US	National	11-50	#51+	--	-
irs form 5472	guides	non-branded	2026-10-05	Google en-US	National	201-500	#51+	--	-
irs form 5472 2026	head-terms	non-branded	2026-10-05	Google en-US	National	NA	#51+	--	-
irs yearly average exchange rates	tools	non-branded	2026-10-05	Google en-US	National	201-500	#51+	--	-
irsn vs itin	blog-ein-itin	non-branded	2026-10-05	Google en-US	National	NA	#51+	--	-
is a us llc tax free for nomads	blog-ein-itin	non-branded	2026-10-05	Google en-US	National	NA	#51+	--	-
itin application checklist	blog-ein-itin	non-branded	2026-10-05	Google en-US	National	0-10	#51+	--	-
itin caa vs mailing passport	blog-ein-itin	non-branded	2026-10-05	Google en-US	National	NA	#51+	--	-
itin for nonresident rental property owner	blog-ein-itin	non-branded	2026-10-05	Google en-US	National	NA	#51+	--	-
itin name change	blog-audience	non-branded	2026-10-05	Google en-US	National	11-50	#51+	--	-
itin rejected cp567	blog-ein-itin	non-branded	2026-10-05	Google en-US	National	11-50	#51+	--	-
llc annual fees by state	tools	non-branded	2026-10-05	Google en-US	National	101-200	#51+	--	-
llc owned by non us person tax filing	head-terms	non-branded	2026-10-05	Google en-US	National	NA	#51+	--	-
llc vs c corp for non resident founders	blog-ein-itin	non-branded	2026-10-05	Google en-US	National	NA	#51+	--	-
lost ein letter 147c	blog-ein-itin	non-branded	2026-10-05	Google en-US	National	NA	#51+	--	-
missed llc annual report late fees	blog-ein-itin	non-branded	2026-10-05	Google en-US	National	NA	#51+	--	-
multi member llc foreign owners 1065	blog-5472	non-branded	2026-10-05	Google en-US	National	NA	#51+	--	-
nevada llc non resident annual fees	blog-ein-itin	non-branded	2026-10-05	Google en-US	National	NA	#51+	--	-
new ein after ownership change	blog-ein-itin	non-branded	2026-10-05	Google en-US	National	NA	#51+	--	-
new mexico llc non resident requirements	blog-ein-itin	non-branded	2026-10-05	Google en-US	National	NA	#51+	--	-
non resident llc annual tax filing	head-terms	non-branded	2026-10-05	Google en-US	National	NA	#51+	--	-
non resident llc tax return	head-terms	non-branded	2026-10-05	Google en-US	National	NA	#51+	--	-
northwest registered agent form 5472	guides	non-branded	2026-10-05	Google en-US	National	NA	#51+	--	-
offer form 5472 filing as a service	blog-audience	non-branded	2026-10-05	Google en-US	National	NA	#51+	--	-
operating agreement foreign owned llc	blog-ein-itin	non-branded	2026-10-05	Google en-US	National	NA	#51+	--	-
outsource form 5472 preparation	services	non-branded	2026-10-05	Google en-US	National	NA	#51+	--	-
pay yourself from us llc nonresident	blog-ein-itin	non-branded	2026-10-05	Google en-US	National	NA	#51+	--	-
paying family from us llc form 5472	blog-5472	non-branded	2026-10-05	Google en-US	National	NA	#51+	--	-
pro forma 1120	guides	non-branded	2026-10-05	Google en-US	National	11-50	#51+	--	-
pro forma 1120 deadline	head-terms	non-branded	2026-10-05	Google en-US	National	NA	#51+	--	-
registered agent for foreign owned llc	blog-ein-itin	non-branded	2026-10-05	Google en-US	National	NA	#51+	--	-
renew expired itin	blog-ein-itin	non-branded	2026-10-05	Google en-US	National	11-50	#51+	--	-
sales tax nexus foreign owned llc	blog-ein-itin	non-branded	2026-10-05	Google en-US	National	NA	#51+	--	-
shopify dropshipping llc non resident	blog-audience	non-branded	2026-10-05	Google en-US	National	NA	#51+	--	-
sign form 5472 electronically	blog-5472	non-branded	2026-10-05	Google en-US	National	NA	#51+	--	-
single member llc foreign owner	guides	non-branded	2026-10-05	Google en-US	National	0-10	#51+	--	-
single member llc form 5472 filing	head-terms	non-branded	2026-10-05	Google en-US	National	NA	#51+	--	-
startglobal form 5472	guides	non-branded	2026-10-05	Google en-US	National	NA	#51+	--	-
stripe atlas form 5472	alternatives	non-branded	2026-10-05	Google en-US	National	NA	#51+	--	-
texas llc foreign owner taxes	blog-ein-itin	non-branded	2026-10-05	Google en-US	National	NA	#51+	--	-
third party designee ein	blog-audience	non-branded	2026-10-05	Google en-US	National	11-50	#51+	--	-
us bank account for foreign owned llc	blog-ein-itin	non-branded	2026-10-05	Google en-US	National	NA	#51+	--	-
us llc for digital nomads barcelona	blog-audience	non-branded	2026-10-05	Google en-US	National	NA	#51+	--	-
us llc for digital nomads lisbon	blog-audience	non-branded	2026-10-05	Google en-US	National	NA	#51+	--	-
us llc for digital nomads medellin	blog-audience	non-branded	2026-10-05	Google en-US	National	NA	#51+	--	-
us llc paying foreign contractors	blog-ein-itin	non-branded	2026-10-05	Google en-US	National	NA	#51+	--	-
us llc tax for digital nomads bangkok	blog-audience	non-branded	2026-10-05	Google en-US	National	NA	#51+	--	-
us llc tax for digital nomads dubai	blog-audience	non-branded	2026-10-05	Google en-US	National	NA	#51+	--	-
us llc tax return for non residents	head-terms	non-branded	2026-10-05	Google en-US	National	NA	#51+	--	-
w-8ben or w-9 for llc	blog-ein-itin	non-branded	2026-10-05	Google en-US	National	NA	#51+	--	-
what is irs form 5472	blog-5472	non-branded	2026-10-05	Google en-US	National	0-10	#51+	--	-
when does a nonresident need an itin	blog-ein-itin	non-branded	2026-10-05	Google en-US	National	NA	#51+	--	-
where to file form 5472	head-terms	non-branded	2026-10-05	Google en-US	National	0-10	#51+	--	-
white label form 5472 filing	services	non-branded	2026-10-05	Google en-US	National	NA	#51+	--	-
who must file form 5472	head-terms	non-branded	2026-10-05	Google en-US	National	11-50	#51+	--	-
wyoming llc form 5472	guides	non-branded	2026-10-05	Google en-US	National	NA	#51+	--	-
wyoming vs new mexico vs delaware llc	blog-ein-itin	non-branded	2026-10-05	Google en-US	National	NA	#51+	--	-
zenind form 5472	guides	non-branded	2026-10-05	Google en-US	National	NA	#51+	--	-
