phrase,source,intent,existing_page
5472 filing service,autocomplete,bofu,
best form 5472 filing service,competitor:form5472.online,bofu,
best online services to file form 5472 for foreign llcs,competitor:form5472.online,bofu,
best service to file form 5472,competitor:form5472.online,bofu,
best tax filing services for foreign owned us llc,competitor:form5472.online,bofu,
foreign owned c corporation form 1120 and form 5472 filing,competitor:form5472.online,bofu,
form 5472 and pro forma 1120 filing service,competitor:form5472.online,bofu,
form 5472 cpa,autocomplete,bofu,
form 5472 cpa prepared and filed,competitor:form5472.online,bofu,
form 5472 fax filing service,competitor:form5472.online,bofu,
form 5472 filing,autocomplete,bofu,
form 5472 filing for bizee clients,competitor:form5472.online,bofu,
form 5472 filing for tiktok shop seller llc,competitor:clemta.com,bofu,
form 5472 filing help,autocomplete,bofu,
form 5472 filing service,autocomplete,bofu,
form 5472 filing service express,competitor:form5472.online,bofu,
form 5472 filing service for arizona llc,competitor:form5472.online,bofu,
form 5472 filing service for belgian owned llc,competitor:form5472.online,bofu,
form 5472 filing service for california llc,competitor:form5472.online,bofu,
form 5472 filing service for chilean owned llc,competitor:form5472.online,bofu,
form 5472 filing service for colorado llc,competitor:form5472.online,bofu,
form 5472 filing service for florida llc,competitor:form5472.online,bofu,
form 5472 filing service for illinois llc,competitor:form5472.online,bofu,
form 5472 filing service for irish owned llc,competitor:form5472.online,bofu,
form 5472 filing service for israeli owned llc,competitor:form5472.online,bofu,
form 5472 filing service for nevada llc,competitor:form5472.online,bofu,
form 5472 filing service for new mexico llc,competitor:form5472.online,bofu,
form 5472 filing service for new york llc,competitor:form5472.online,bofu,
form 5472 filing service for oregon llc,competitor:form5472.online,bofu,
form 5472 filing service for polish owned llc,competitor:form5472.online,bofu,
form 5472 filing service for romanian owned llc,competitor:form5472.online,bofu,
form 5472 filing service for south african owned llc,competitor:form5472.online,bofu,
form 5472 filing service for texas llc,competitor:form5472.online,bofu,
form 5472 filing service for washington llc,competitor:form5472.online,bofu,
form 5472 online filing,competitor:form5472.online,bofu,
form 5472 services,autocomplete,bofu,
form 5472 specialist,competitor:form5472.online,bofu,
non resident llc compliance service,competitor:clemta.com,bofu,
pro forma 1120 filing service,competitor:form5472.online,bofu,
pro forma 1120 preparer for non resident,competitor:form5472.online,bofu,
tax filing service for foreign founders us company,competitor:firstbase.io,bofu,
us tax filing service for non resident llc owner,competitor:clemta.com,bofu,
annual compliance bundle for foreign owned llc,competitor:form5472.online,bofu,https://www.form5472prep.com/foreign-owned-llc-tax
best form 5472 filing service for foreign owned llc,competitor:form5472.online,bofu,https://www.form5472prep.com/foreign-owned-llc-tax
cheapest form 5472 service,competitor:form5472.online,bofu,https://www.form5472prep.com/pricing
close foreign owned us llc service,competitor:form5472.online,bofu,https://www.form5472prep.com/blog/final-form-5472-closing-foreign-owned-llc
cpa consultation for foreign owned llc,competitor:doola.com,bofu,https://www.form5472prep.com/foreign-owned-llc-tax
delinquent form 5472 filing service,competitor:form5472.online,bofu,https://www.form5472prep.com/late-form-5472
diirsp filing service,competitor:form5472.online,bofu,https://www.form5472prep.com/diirsp
ein application assistance for non resident llc,competitor:clemta.com,bofu,https://www.form5472prep.com/ein
ein application for non resident,autocomplete,bofu,https://www.form5472prep.com/ein
ein for foreign llc,autocomplete,bofu,https://www.form5472prep.com/ein
ein for foreign owned llc,autocomplete,bofu,https://www.form5472prep.com/ein
ein for foreign owned llc without ssn,competitor:doola.com,bofu,https://www.form5472prep.com/ein
ein for non resident,autocomplete,bofu,https://www.form5472prep.com/ein
ein for non resident alien,autocomplete,bofu,https://www.form5472prep.com/ein
ein for non resident llc,autocomplete,bofu,https://www.form5472prep.com/ein
ein for non us citizen llc,competitor:bizee.com,bofu,https://www.form5472prep.com/ein
ein for non us residents,autocomplete,bofu,https://www.form5472prep.com/ein
ein number for non resident,autocomplete,bofu,https://www.form5472prep.com/ein
ein service for foreign owned llc,competitor:clemta.com,bofu,https://www.form5472prep.com/ein
ein service for non resident,competitor:bizee.com,bofu,https://www.form5472prep.com/ein
file form 5472 online,autocomplete,bofu,https://www.form5472prep.com/file-form-5472
foreign owned llc annual tax filing service,competitor:firstbase.io,bofu,https://www.form5472prep.com/foreign-owned-llc-tax
form 5472 accountant for foreign owned llc,competitor:form5472.online,bofu,https://www.form5472prep.com/foreign-owned-llc-tax
form 5472 catch up filing multiple years,competitor:form5472.online,bofu,https://www.form5472prep.com/late-form-5472
form 5472 cost,autocomplete,bofu,https://www.form5472prep.com/blog/form-5472-cost
form 5472 filing cost for foreign owned llc,competitor:form5472.online,bofu,https://www.form5472prep.com/blog/form-5472-cost
form 5472 filing for agencies and registered agents,competitor:form5472.online,bofu,https://www.form5472prep.com/partners
form 5472 filing for amazon fba seller llc,competitor:form5472.online,bofu,https://www.form5472prep.com/blog/amazon-fba-foreign-sellers-form-5472
form 5472 filing for company formation agents,competitor:form5472.online,bofu,https://www.form5472prep.com/partners
form 5472 filing for doola clients,competitor:form5472.online,bofu,https://www.form5472prep.com/doola-form-5472
form 5472 filing for dormant llc,competitor:form5472.online,bofu,https://www.form5472prep.com/blog/form-5472-dormant-llc-no-income
form 5472 filing for firstbase clients,competitor:form5472.online,bofu,https://www.form5472prep.com/firstbase-form-5472
form 5472 filing for multi member llc foreign owners,competitor:form5472.online,bofu,https://www.form5472prep.com/blog/multi-member-llc-form-5472-or-1065
form 5472 filing for multiple years late,competitor:form5472.online,bofu,https://www.form5472prep.com/late-form-5472
form 5472 filing for shopify store llc,competitor:form5472.online,bofu,https://www.form5472prep.com/blog/form-5472-shopify-dropshipping-foreign-owner
form 5472 filing for startglobal clients,competitor:form5472.online,bofu,https://www.form5472prep.com/startglobal-form-5472
form 5472 filing for stripe account llc,competitor:form5472.online,bofu,https://www.form5472prep.com/blog/stripe-paypal-wise-form-5472
form 5472 filing for stripe atlas clients,competitor:form5472.online,bofu,https://www.form5472prep.com/stripe-atlas-form-5472
form 5472 filing price,competitor:form5472.online,bofu,https://www.form5472prep.com/blog/form-5472-cost
form 5472 filing service for australian owned llc,competitor:form5472.online,bofu,https://www.form5472prep.com/blog/form-5472-australia-residents-us-llc
form 5472 filing service for brazilian owned llc,competitor:form5472.online,bofu,https://www.form5472prep.com/blog/form-5472-brazil-residents-us-llc
form 5472 filing service for canadian owned llc,competitor:form5472.online,bofu,https://www.form5472prep.com/blog/form-5472-canada-residents-us-llc
form 5472 filing service for delaware llc,competitor:form5472.online,bofu,https://www.form5472prep.com/delaware-llc-form-5472
form 5472 filing service for french owned llc,competitor:form5472.online,bofu,https://www.form5472prep.com/blog/form-5472-france-residents-us-llc
form 5472 filing service for german owned llc,competitor:form5472.online,bofu,https://www.form5472prep.com/form-5472-germany
form 5472 filing service for indian owned llc,competitor:form5472.online,bofu,https://www.form5472prep.com/blog/form-5472-india-residents-us-llc
form 5472 filing service for korean owned llc,competitor:form5472.online,bofu,https://www.form5472prep.com/blog/form-5472-south-korea-residents-us-llc
form 5472 filing service for mexican owned llc,competitor:form5472.online,bofu,https://www.form5472prep.com/blog/form-5472-mexico-residents-us-llc
form 5472 filing service for new zealand owned llc,competitor:form5472.online,bofu,https://www.form5472prep.com/blog/form-5472-new-zealand-residents-us-llc
form 5472 filing service for nigerian owned llc,competitor:form5472.online,bofu,https://www.form5472prep.com/blog/form-5472-nigeria-residents-us-llc
form 5472 filing service for pakistani owned llc,competitor:form5472.online,bofu,https://www.form5472prep.com/blog/form-5472-pakistan-residents-us-llc
form 5472 filing service for singapore owned llc,competitor:form5472.online,bofu,https://www.form5472prep.com/blog/form-5472-singapore-residents-us-llc
form 5472 filing service for turkish owned llc,competitor:form5472.online,bofu,https://www.form5472prep.com/blog/form-5472-turkey-residents-us-llc
form 5472 filing service for uae owned llc,competitor:form5472.online,bofu,https://www.form5472prep.com/blog/form-5472-uae-dubai-residents-us-llc
form 5472 filing service for uk owned llc,competitor:form5472.online,bofu,https://www.form5472prep.com/blog/form-5472-uk-residents-us-llc
form 5472 filing service for vietnamese owned llc,competitor:form5472.online,bofu,https://www.form5472prep.com/blog/form-5472-vietnam-residents-us-llc
form 5472 filing service for wyoming llc,competitor:form5472.online,bofu,https://www.form5472prep.com/wyoming-llc-form-5472
form 5472 online,autocomplete,bofu,https://www.form5472prep.com/
form 5472 partner program,competitor:form5472.online,bofu,https://www.form5472prep.com/partners
form 5472 penalty removal after irs notice,competitor:form5472.online,bofu,https://www.form5472prep.com/form-5472-penalty
form 5472 penalty removal before irs notice,competitor:form5472.online,bofu,https://www.form5472prep.com/form-5472-penalty
form 5472 penalty removal service,competitor:form5472.online,bofu,https://www.form5472prep.com/form-5472-penalty
form 5472 preparer for foreign owned llc,competitor:form5472.online,bofu,https://www.form5472prep.com/foreign-owned-llc-tax
form 5472 price,autocomplete,bofu,https://www.form5472prep.com/blog/form-5472-cost
form 5472 reasonable cause letter service,competitor:form5472.online,bofu,https://www.form5472prep.com/form-5472-reasonable-cause-statement
form 5472 referral program commission,competitor:form5472.online,bofu,https://www.form5472prep.com/partners
form 5472 service for registered agents,competitor:form5472.online,bofu,https://www.form5472prep.com/partners
form 5472 white label for accounting firms,competitor:form5472.online,bofu,https://www.form5472prep.com/partners
get an ein if you are not a us citizen,competitor:bizee.com,bofu,https://www.form5472prep.com/ein
get ein for non resident,autocomplete,bofu,https://www.form5472prep.com/ein
hire someone to file form 5472,competitor:form5472.online,bofu,https://www.form5472prep.com/file-form-5472
irs ein for non residents,autocomplete,bofu,https://www.form5472prep.com/ein
irs itin for non residents,autocomplete,bofu,https://www.form5472prep.com/itin
itin application assistance for non resident,competitor:clemta.com,bofu,https://www.form5472prep.com/itin
itin application for non resident,autocomplete,bofu,https://www.form5472prep.com/itin
itin application for non resident alien,autocomplete,bofu,https://www.form5472prep.com/itin
itin for llc owner,autocomplete,bofu,https://www.form5472prep.com/itin
itin for non resident alien,autocomplete,bofu,https://www.form5472prep.com/itin
itin for non resident spouse,autocomplete,bofu,https://www.form5472prep.com/itin
itin for non residents,autocomplete,bofu,https://www.form5472prep.com/itin
itin for non us residents,autocomplete,bofu,https://www.form5472prep.com/itin
itin service for llc owner,competitor:clemta.com,bofu,https://www.form5472prep.com/itin
late form 5472 filing service,competitor:form5472.online,bofu,https://www.form5472prep.com/late-form-5472
pro forma 1120 for foreign owned llc filing service,competitor:form5472.online,bofu,https://www.form5472prep.com/pro-forma-1120
total compliance foreign owned llc,competitor:doola.com,bofu,https://www.form5472prep.com/foreign-owned-llc-tax
form 5472 c corp,autocomplete,mofu,
form 5472 for german llc owner,ours,mofu,
form 5472 for new mexico llc,competitor:form5472.online,mofu,
form 5472 pro,ours,mofu,
form 5472 provider comparison,competitor:form5472.online,mofu,
how founders abroad file us company tax returns,competitor:firstbase.io,mofu,
single-member llc foreign owner,ours,mofu,
tax implications for foreign llc owners,competitor:doola.com,mofu,
us llc taxes for international founders,competitor:firstbase.io,mofu,
who can help me file form 5472,competitor:form5472.online,mofu,
1120 foreign owned disregarded entity,autocomplete,mofu,https://www.form5472prep.com/form-1120-foreign-owned-llc
5472 + proforma 1120,autocomplete,mofu,https://www.form5472prep.com/pro-forma-1120
a pro forma form 1120,autocomplete,mofu,https://www.form5472prep.com/pro-forma-1120
can a foreign company get an ein number,autocomplete,mofu,https://www.form5472prep.com/ein
clemta form 5472,ours,mofu,https://www.form5472prep.com/clemta-form-5472
delaware llc form 5472,ours,mofu,https://www.form5472prep.com/delaware-llc-form-5472
diirsp filing,ours,mofu,https://www.form5472prep.com/diirsp
do foreign owned llc pay taxes,autocomplete,mofu,https://www.form5472prep.com/foreign-owned-llc-tax
does form 5472 need to be signed,autocomplete,mofu,https://www.form5472prep.com/blog/form-5472-pro-forma-1120-signature
doola form 5472,ours,mofu,https://www.form5472prep.com/doola-form-5472
failure to file form 5472,autocomplete,mofu,https://www.form5472prep.com/late-form-5472
failure to file form 5472 penalty,autocomplete,mofu,https://www.form5472prep.com/form-5472-penalty
file form 5472,autocomplete,mofu,https://www.form5472prep.com/file-form-5472
file form 5472 and 1120,autocomplete,mofu,https://www.form5472prep.com/pro-forma-1120
file form 5472 for prior years,competitor:form5472.online,mofu,https://www.form5472prep.com/late-form-5472
file form 5472 proforma 1120,autocomplete,mofu,https://www.form5472prep.com/pro-forma-1120
firstbase form 5472,ours,mofu,https://www.form5472prep.com/firstbase-form-5472
foreign llc tax filing,autocomplete,mofu,https://www.form5472prep.com/foreign-owned-llc-tax
foreign owned disregarded entity,autocomplete,mofu,https://www.form5472prep.com/foreign-owned-llc-tax
foreign owned disregarded entity 5472,autocomplete,mofu,https://www.form5472prep.com/foreign-owned-llc-tax
foreign owned disregarded entity irs,autocomplete,mofu,https://www.form5472prep.com/foreign-owned-llc-tax
foreign owned disregarded entity llc,autocomplete,mofu,https://www.form5472prep.com/foreign-owned-llc-tax
foreign owned llc tax filing,autocomplete,mofu,https://www.form5472prep.com/foreign-owned-llc-tax
foreign owned single member llc form 5472 and form 1120 filing,competitor:form5472.online,mofu,https://www.form5472prep.com/single-member-llc-foreign-owner
foreign owned us disregarded entity,autocomplete,mofu,https://www.form5472prep.com/foreign-owned-llc-tax
foreign owned us disregarded entity 1120,autocomplete,mofu,https://www.form5472prep.com/form-1120-foreign-owned-llc
foreign owned us disregarded entity form 5472,autocomplete,mofu,https://www.form5472prep.com/foreign-owned-llc-tax
form 1120 disregarded entity,ours,mofu,https://www.form5472prep.com/form-1120-foreign-owned-llc
form 1120 foreign owned llc,ours,mofu,https://www.form5472prep.com/form-1120-foreign-owned-llc
form 5472 + proforma 1120 filing,autocomplete,mofu,https://www.form5472prep.com/pro-forma-1120
form 5472 25000 penalty,ours,mofu,https://www.form5472prep.com/form-5472-penalty
form 5472 and 1120,autocomplete,mofu,https://www.form5472prep.com/pro-forma-1120
form 5472 and 1120 filing for foreign owned single member llc,competitor:doola.com,mofu,https://www.form5472prep.com/pro-forma-1120
form 5472 and 5471 difference,autocomplete,mofu,https://www.form5472prep.com/blog/form-5472-vs-form-5471
form 5472 and pro forma 1120,autocomplete,mofu,https://www.form5472prep.com/pro-forma-1120
form 5472 deadline,ours,mofu,https://www.form5472prep.com/form-5472-deadline
form 5472 deadline 2026,autocomplete,mofu,https://www.form5472prep.com/form-5472-deadline
form 5472 delaware,autocomplete,mofu,https://www.form5472prep.com/delaware-llc-form-5472
form 5472 disregarded entity,autocomplete,mofu,https://www.form5472prep.com/foreign-owned-llc-tax
form 5472 due date,autocomplete,mofu,https://www.form5472prep.com/form-5472-deadline
form 5472 e file,autocomplete,mofu,https://www.form5472prep.com/blog/how-to-fax-form-5472-irs
form 5472 extension,autocomplete,mofu,https://www.form5472prep.com/blog/form-5472-extension
form 5472 failure to file penalty,autocomplete,mofu,https://www.form5472prep.com/form-5472-penalty
form 5472 fax,autocomplete,mofu,https://www.form5472prep.com/blog/how-to-fax-form-5472-irs
form 5472 fax number,autocomplete,mofu,https://www.form5472prep.com/form-5472-fax-number
form 5472 filing deadline,autocomplete,mofu,https://www.form5472prep.com/form-5472-deadline
form 5472 filing penalty,autocomplete,mofu,https://www.form5472prep.com/form-5472-penalty
form 5472 fine,autocomplete,mofu,https://www.form5472prep.com/form-5472-penalty
form 5472 for 2025,autocomplete,mofu,https://www.form5472prep.com/irs-form-5472
form 5472 for delaware llc,competitor:form5472.online,mofu,https://www.form5472prep.com/delaware-llc-form-5472
form 5472 for disregarded entity,autocomplete,mofu,https://www.form5472prep.com/foreign-owned-llc-tax
form 5472 for foreign owned llcs,autocomplete,mofu,https://www.form5472prep.com/foreign-owned-llc-tax
form 5472 for llc,autocomplete,mofu,https://www.form5472prep.com/foreign-owned-llc-tax
form 5472 for llc formed in current year,competitor:form5472.online,mofu,https://www.form5472prep.com/blog/first-year-form-5472-new-llc
form 5472 for non resident llc owner,competitor:form5472.online,mofu,https://www.form5472prep.com/foreign-owned-llc-tax
form 5472 for stripe atlas llc,competitor:form5472.online,mofu,https://www.form5472prep.com/stripe-atlas-form-5472
form 5472 for wyoming llc,competitor:form5472.online,mofu,https://www.form5472prep.com/wyoming-llc-form-5472
form 5472 foreign owned disregarded entity,autocomplete,mofu,https://www.form5472prep.com/foreign-owned-llc-tax
form 5472 foreign owned llc,autocomplete,mofu,https://www.form5472prep.com/foreign-owned-llc-tax
form 5472 how to file,autocomplete,mofu,https://www.form5472prep.com/file-form-5472
form 5472 late filing,autocomplete,mofu,https://www.form5472prep.com/late-form-5472
form 5472 late filing penalty,competitor:clemta.com,mofu,https://www.form5472prep.com/form-5472-penalty
form 5472 late filing penalty relief,competitor:clemta.com,mofu,https://www.form5472prep.com/form-5472-penalty
form 5472 llc,autocomplete,mofu,https://www.form5472prep.com/foreign-owned-llc-tax
form 5472 no reportable transactions,autocomplete,mofu,https://www.form5472prep.com/form-5472-reportable-transactions-checker
form 5472 penalty,autocomplete,mofu,https://www.form5472prep.com/form-5472-penalty
form 5472 penalty abatement,autocomplete,mofu,https://www.form5472prep.com/form-5472-penalty
form 5472 penalty abatement letter,autocomplete,mofu,https://www.form5472prep.com/form-5472-penalty
form 5472 penalty relief,autocomplete,mofu,https://www.form5472prep.com/form-5472-penalty
form 5472 pro forma 1120,autocomplete,mofu,https://www.form5472prep.com/pro-forma-1120
form 5472 pro forma 1120 filing,autocomplete,mofu,https://www.form5472prep.com/pro-forma-1120
form 5472 reasonable cause statement,autocomplete,mofu,https://www.form5472prep.com/form-5472-reasonable-cause-statement
form 5472 reportable transactions,autocomplete,mofu,https://www.form5472prep.com/form-5472-reportable-transactions-checker
form 5472 single member llc,autocomplete,mofu,https://www.form5472prep.com/single-member-llc-foreign-owner
form 5472 stripe atlas,autocomplete,mofu,https://www.form5472prep.com/stripe-atlas-form-5472
form 5472 submission,autocomplete,mofu,https://www.form5472prep.com/blog/how-to-fax-form-5472-irs
form 5472 uae resident us llc,ours,mofu,https://www.form5472prep.com/form-5472-uae
form 5472 vs 1120,ours,mofu,https://www.form5472prep.com/form-5472-vs-1120
form 5472 vs 5471,autocomplete,mofu,https://www.form5472prep.com/blog/form-5472-vs-form-5471
form 5472 vs form 1065 llc filing,competitor:form5472.online,mofu,https://www.form5472prep.com/form-5472-vs-1120
form 5472 when to file,autocomplete,mofu,https://www.form5472prep.com/form-5472-deadline
form 5472 who must file,autocomplete,mofu,https://www.form5472prep.com/do-i-need-to-file-form-5472
form 5472 with no activity,competitor:form5472.online,mofu,https://www.form5472prep.com/blog/form-5472-dormant-llc-no-income
form 5472 with pro forma form 1120,autocomplete,mofu,https://www.form5472prep.com/pro-forma-1120
form 5472 wyoming,autocomplete,mofu,https://www.form5472prep.com/wyoming-llc-form-5472
form 5472 zero income filing requirement,competitor:form5472.online,mofu,https://www.form5472prep.com/blog/form-5472-dormant-llc-no-income
how is a foreign owned llc taxed in. the us,autocomplete,mofu,https://www.form5472prep.com/foreign-owned-llc-tax
how to file form 5472,ours,mofu,https://www.form5472prep.com/file-form-5472
how to file form 5472 for foreign owned llc,competitor:doola.com,mofu,https://www.form5472prep.com/foreign-owned-llc-tax
how to file pro forma 1120,autocomplete,mofu,https://www.form5472prep.com/pro-forma-1120
irs form 5472,ours,mofu,https://www.form5472prep.com/irs-form-5472
irs form 5472 does your business need to file,competitor:bizee.com,mofu,https://www.form5472prep.com/do-i-need-to-file-form-5472
irs form 5472 extension,autocomplete,mofu,https://www.form5472prep.com/blog/form-5472-extension
irs form 5472 fax number,autocomplete,mofu,https://www.form5472prep.com/form-5472-fax-number
irs form 5472 for 2025,autocomplete,mofu,https://www.form5472prep.com/irs-form-5472
irs form 5472 penalty,autocomplete,mofu,https://www.form5472prep.com/form-5472-penalty
irs form 5472 penalty abatement,autocomplete,mofu,https://www.form5472prep.com/form-5472-penalty
irs form 5472 pro forma 1120,autocomplete,mofu,https://www.form5472prep.com/pro-forma-1120
itin for foreign founders,competitor:doola.com,mofu,https://www.form5472prep.com/itin
late filing and penalty relief for foreign owned llc,competitor:form5472.online,mofu,https://www.form5472prep.com/foreign-owned-llc-tax
late filing form 5472,autocomplete,mofu,https://www.form5472prep.com/late-form-5472
late form 5472,ours,mofu,https://www.form5472prep.com/late-form-5472
missed form 5472 deadline what to do,competitor:form5472.online,mofu,https://www.form5472prep.com/late-form-5472
non resident llc tax filing,autocomplete,mofu,https://www.form5472prep.com/foreign-owned-llc-tax
non us resident llc tax filing,autocomplete,mofu,https://www.form5472prep.com/foreign-owned-llc-tax
northwest registered agent form 5472,ours,mofu,https://www.form5472prep.com/northwest-registered-agent-form-5472
penalty for not filing 5472,autocomplete,mofu,https://www.form5472prep.com/form-5472-penalty
pro forma 1120,autocomplete,mofu,https://www.form5472prep.com/pro-forma-1120
pro forma 1120 due date,autocomplete,mofu,https://www.form5472prep.com/pro-forma-1120
pro forma 1120 form,autocomplete,mofu,https://www.form5472prep.com/pro-forma-1120
pro forma 1120 form 5472,autocomplete,mofu,https://www.form5472prep.com/pro-forma-1120
pro forma form 1120,autocomplete,mofu,https://www.form5472prep.com/pro-forma-1120
pro forma form 1120 with form 5472,autocomplete,mofu,https://www.form5472prep.com/pro-forma-1120
should i file form 5472 myself,competitor:form5472.online,mofu,https://www.form5472prep.com/blog/form-5472-diy-vs-preparer
single member llc foreign owned,autocomplete,mofu,https://www.form5472prep.com/single-member-llc-foreign-owner
single member llc foreign owner,autocomplete,mofu,https://www.form5472prep.com/single-member-llc-foreign-owner
startglobal form 5472,ours,mofu,https://www.form5472prep.com/startglobal-form-5472
stripe atlas form 5472,autocomplete,mofu,https://www.form5472prep.com/stripe-atlas-form-5472
us llc tax filing for non us residents,competitor:form5472.online,mofu,https://www.form5472prep.com/foreign-owned-llc-tax
what is a pro forma 1120,autocomplete,mofu,https://www.form5472prep.com/pro-forma-1120
what is a pro forma tax return,autocomplete,mofu,https://www.form5472prep.com/pro-forma-1120
what is form 5472,autocomplete,mofu,https://www.form5472prep.com/blog/what-is-form-5472
what is form 5472 used for,autocomplete,mofu,https://www.form5472prep.com/blog/what-is-form-5472
what is irs form 5472 used for,autocomplete,mofu,https://www.form5472prep.com/blog/what-is-form-5472
what is pro forma 1120,autocomplete,mofu,https://www.form5472prep.com/pro-forma-1120
what is the pro forma,autocomplete,mofu,https://www.form5472prep.com/pro-forma-1120
when is form 5472 needed,autocomplete,mofu,https://www.form5472prep.com/form-5472-deadline
when to file form 5472,autocomplete,mofu,https://www.form5472prep.com/form-5472-deadline
who must file form 5472,autocomplete,mofu,https://www.form5472prep.com/do-i-need-to-file-form-5472
who should file form 5472,autocomplete,mofu,https://www.form5472prep.com/do-i-need-to-file-form-5472
wyoming llc for non us residents tax,autocomplete,mofu,https://www.form5472prep.com/blog/wyoming-llc-foreign-owner-tax-filing
wyoming llc form 5472,autocomplete,mofu,https://www.form5472prep.com/wyoming-llc-form-5472
wyoming llc non resident taxes,autocomplete,mofu,https://www.form5472prep.com/blog/wyoming-llc-foreign-owner-tax-filing
zenind form 5472,ours,mofu,https://www.form5472prep.com/zenind-form-5472
form 5472 attribution of ownership statement,autocomplete,tofu,
form 5472 attribution rules,autocomplete,tofu,
form 5472 example,autocomplete,tofu,
form 5472 fillable,autocomplete,tofu,
form 5472 irs pdf,autocomplete,tofu,
form 5472 pdf,autocomplete,tofu,
for form 5472 what is a reportable transaction,autocomplete,tofu,https://www.form5472prep.com/form-5472-reportable-transactions-checker
form 1120 pro forma pdf,autocomplete,tofu,https://www.form5472prep.com/pro-forma-1120
form 5472 address,autocomplete,tofu,https://www.form5472prep.com/form-5472-fax-number
form 5472 extension instructions,autocomplete,tofu,https://www.form5472prep.com/blog/form-5472-extension
form 5472 filing instructions,autocomplete,tofu,https://www.form5472prep.com/form-5472-instructions
form 5472 filing instructions pdf,autocomplete,tofu,https://www.form5472prep.com/form-5472-instructions
form 5472 instructions,autocomplete,tofu,https://www.form5472prep.com/form-5472-instructions
form 5472 instructions 2025,autocomplete,tofu,https://www.form5472prep.com/form-5472-instructions
form 5472 instructions 2025 irs,autocomplete,tofu,https://www.form5472prep.com/form-5472-instructions
form 5472 instructions 2025 pdf,autocomplete,tofu,https://www.form5472prep.com/form-5472-instructions
form 5472 instructions 2026,autocomplete,tofu,https://www.form5472prep.com/form-5472-instructions
form 5472 instructions for foreign founders,competitor:firstbase.io,tofu,https://www.form5472prep.com/form-5472-instructions
form 5472 instructions pdf,autocomplete,tofu,https://www.form5472prep.com/form-5472-instructions
form 5472 irs instructions,autocomplete,tofu,https://www.form5472prep.com/form-5472-instructions
form 5472 line 1f,autocomplete,tofu,https://www.form5472prep.com/blog/form-5472-lines-1f-1g-1h-total-value
form 5472 mailing address,autocomplete,tofu,https://www.form5472prep.com/form-5472-fax-number
form 5472 page 2 part v,autocomplete,tofu,https://www.form5472prep.com/blog/form-5472-part-v-statement-example
form 5472 part iv instructions,autocomplete,tofu,https://www.form5472prep.com/form-5472-instructions
form 5472 part v,autocomplete,tofu,https://www.form5472prep.com/blog/form-5472-part-v-statement-example
form 5472 part vi,autocomplete,tofu,https://www.form5472prep.com/blog/form-5472-part-v-statement-example
