label	keyword
services	form 5472 filing service
services	pro forma 1120 filing service
services	late form 5472 filing service
services	foreign owned llc tax filing service
services	form 5472 fax filing service
services	white label form 5472 filing
services	form 5472 filing for dormant llc
services	final form 5472 for dissolved llc
services	hire someone to file form 5472
services	form 5472 preparer
services	form 5472 for accountants
services	form 5472 for bookkeepers
services	outsource form 5472 preparation
services	form 5472 preparation service
services	1120 and 5472 filing service
services	form 5472 for cpas
guides	form 5472
guides	form 5472 filing
guides	how to file form 5472
guides	form 5472 penalty
guides	form 5472 deadline
guides	late form 5472
guides	pro forma 1120
guides	form 5472 instructions
guides	form 5472 fax number
guides	form 5472 reasonable cause statement
guides	diirsp
guides	form 5472 vs 1120
guides	wyoming llc form 5472
guides	delaware llc form 5472
guides	foreign owned llc tax return
guides	form 5472 for non residents
tools	form 5472 penalty calculator
tools	form 5472 deadline calculator
tools	do i need to file form 5472
tools	form 5472 reportable transactions
tools	irs yearly average exchange rates
tools	llc annual fees by state
tools	form 5472 statistics
alternatives	doola form 5472
alternatives	firstbase form 5472
alternatives	stripe atlas form 5472
alternatives	compare form 5472 filing services
branded	form5472 prep
branded	form5472prep
branded	form 5472 prep
guides	form 5472 25000 penalty
guides	foreign owned llc tax filing
guides	form 5472 german llc owner
guides	form 5472 uae resident us llc
guides	form 1120 foreign owned llc
guides	form 1120 disregarded entity
guides	1120 pro forma instructions
guides	irs form 5472
guides	single member llc foreign owner
guides	clemta form 5472
guides	startglobal form 5472
guides	zenind form 5472
guides	northwest registered agent form 5472
blog-5472	what is irs form 5472
blog-5472	how to correct a filed form 5472
blog-5472	form 5472 filing cost
blog-5472	form 5472 extension
blog-5472	never filed form 5472
blog-5472	first year form 5472
blog-5472	form 5472 multiple llcs
blog-5472	form 5472 part v statement
blog-5472	form 5472 line 1c
blog-5472	form 5472 line 1f
blog-5472	form 5472 reasonable estimates
blog-5472	form 5472 statute of limitations
blog-5472	form 5472 recordkeeping checklist
blog-5472	sign form 5472 electronically
blog-5472	form 5472 vs 1040-nr
blog-5472	form 5472 vs 1120-f
blog-5472	form 5472 vs fbar
blog-5472	form 5472 vs form 5471
blog-5472	form 5472 foreign company owns us llc
blog-5472	form 5472 owner loans
blog-5472	form 5472 noncash property
blog-5472	llc paying personal expenses form 5472
blog-5472	form 5472 management fees
blog-5472	form 5472 royalties
blog-5472	form 5472 exchange rates
blog-5472	form 5472 formation costs
blog-5472	form 5472 ftin
blog-5472	form 5472 address
blog-5472	form 5472 no us bank account
blog-5472	form 5472 short tax year
blog-5472	form 5472 change of ownership
blog-5472	form 5472 owner becomes us tax resident
blog-5472	form 5472 nonresident spouse joint return
blog-5472	paying family from us llc form 5472
blog-5472	form 5472 stripe paypal wise
blog-5472	form 5472 penalty letter
blog-5472	did the irs receive my form 5472
blog-5472	how to fax form 5472
blog-5472	how to fill out form 5472
blog-5472	diy form 5472
blog-5472	form 5472 ein pending
blog-5472	form 5472 1099-k
blog-5472	multi member llc foreign owners 1065
blog-5472	administratively dissolved llc form 5472
blog-5472	foreign owned llc filing checklist
blog-5472	form 5472 penalty notice
blog-ein-itin	boi report foreign owned llc
blog-ein-itin	certificate of good standing foreign owned llc
blog-ein-itin	form 8822-b ein address change
blog-ein-itin	get an ein for foreign owned llc
blog-ein-itin	get an ein without ssn or itin
blog-ein-itin	ein reference number 101
blog-ein-itin	how much does an ein cost
blog-ein-itin	ein for stripe account
blog-ein-itin	how long does an ein take for foreigners
blog-ein-itin	ein responsible party foreign owner
blog-ein-itin	lost ein letter 147c
blog-ein-itin	new ein after ownership change
blog-ein-itin	how to fill out form ss-4 foreign owner
blog-ein-itin	how to fill out form w-7
blog-ein-itin	irsn vs itin
blog-ein-itin	itin application checklist
blog-ein-itin	itin rejected cp567
blog-ein-itin	itin caa vs mailing passport
blog-ein-itin	how much does an itin cost
blog-ein-itin	itin for nonresident rental property owner
blog-ein-itin	how long does an itin take
blog-ein-itin	form 1042-s withholding refund
blog-ein-itin	renew expired itin
blog-ein-itin	do i need an itin for form 5472
blog-ein-itin	apply for itin without passport
blog-ein-itin	when does a nonresident need an itin
blog-ein-itin	file extension without itin
blog-ein-itin	missed llc annual report late fees
blog-ein-itin	llc vs c corp for non resident founders
blog-ein-itin	pay yourself from us llc nonresident
blog-ein-itin	registered agent for foreign owned llc
blog-ein-itin	sales tax nexus foreign owned llc
blog-ein-itin	operating agreement foreign owned llc
blog-ein-itin	us bank account for foreign owned llc
blog-ein-itin	us llc paying foreign contractors
blog-ein-itin	w-8ben or w-9 for llc
blog-ein-itin	does a foreign owned llc need an fbar
blog-ein-itin	is a us llc tax free for nomads
blog-ein-itin	foreign owned llc compliance calendar
blog-ein-itin	does a foreign owned llc pay us tax
blog-ein-itin	form 8832 election foreign owned llc
blog-ein-itin	wyoming vs new mexico vs delaware llc
blog-ein-itin	nevada llc non resident annual fees
blog-ein-itin	new mexico llc non resident requirements
blog-ein-itin	texas llc foreign owner taxes
blog-audience	form 5472 argentina residents
blog-audience	form 5472 australia residents
blog-audience	form 5472 brazil residents
blog-audience	form 5472 canada residents
blog-audience	form 5472 china residents
blog-audience	form 5472 colombia residents
blog-audience	form 5472 estonia residents
blog-audience	form 5472 france residents
blog-audience	form 5472 hong kong residents
blog-audience	form 5472 india residents
blog-audience	form 5472 indonesia residents
blog-audience	form 5472 italy residents
blog-audience	form 5472 japan residents
blog-audience	form 5472 mexico residents
blog-audience	form 5472 new zealand residents
blog-audience	form 5472 nigeria residents
blog-audience	form 5472 pakistan residents
blog-audience	form 5472 philippines residents
blog-audience	form 5472 portugal residents
blog-audience	form 5472 singapore residents
blog-audience	form 5472 south korea residents
blog-audience	form 5472 spain residents
blog-audience	form 5472 thailand residents
blog-audience	form 5472 turkey residents
blog-audience	form 5472 uk residents
blog-audience	form 5472 vietnam residents
blog-audience	form 5472 amazon fba foreign sellers
blog-audience	form 5472 affiliate marketers
blog-audience	airbnb us llc non resident taxes
blog-audience	form 5472 app developers
blog-audience	form 5472 coaches and consultants
blog-audience	form 5472 etsy sellers
blog-audience	form 5472 freelancers upwork fiverr
blog-audience	form 5472 saas founders
blog-audience	shopify dropshipping llc non resident
blog-audience	form 5472 youtube creators
blog-audience	form 5472 digital nomads
blog-audience	form 5472 foreign owner rental property llc
blog-audience	form 5472 partner program
blog-audience	file form 5472 without being a cpa
blog-audience	offer form 5472 filing as a service
blog-audience	us llc tax for digital nomads dubai
blog-audience	us llc tax for digital nomads bangkok
blog-audience	us llc for digital nomads lisbon
blog-audience	us llc for digital nomads barcelona
blog-audience	us llc for digital nomads medellin
